size,kernel_ms,passes,wg,items_per_thread
1000000,0.190915,2,256,8
4000000,0.882912,2,256,8
16777216,3.041403,2,256,8
33554432,6.205974,2,256,8
67108864,10.743040,2,256,8
